Source,Target,Weight
胡兰成,梅香,85
胡兰成,梦生,13
胡兰成,怀生,9
胡兰成,青芸,524
胡兰成,积润,14
胡兰成,唐玉凤,710
胡兰成,一枝,529
胡兰成,陈公博,112
胡兰成,周佛海,297
胡兰成,张爱玲,1790
胡兰成,池田笃纪,586
胡兰成,马孝安,135
胡兰成,崔真吾,141
胡兰成,汪精卫,1158
胡兰成,斯伯母,168
胡兰成,颂德,110
胡兰成,雅珊,38
胡兰成,陈海帆,82
胡兰成,白崇禧,70
胡兰成,李文源,118
胡兰成,全慧文,22
胡兰成,林柏生,211
胡兰成,梅思平,63
胡兰成,樊仲云,42
胡兰成,陈春圃,43
胡兰成,陶希圣,66
胡兰成,褚民谊,22
胡兰成,赵叔雍,6
胡兰成,李圣五,11
胡兰成,朱朴之,27
胡兰成,李士群,611
胡兰成,吴四宝,215
胡兰成,陈群,23
胡兰成,畲爱珍,911
胡兰成,熊剑东,272
胡兰成,应英娣,79
胡兰成,冯和仪,8
胡兰成,苏青,28
胡兰成,炎樱,114
胡兰成,沈启无,216
胡兰成,关永吉,189
胡兰成,潘龙潜,48
胡兰成,周训德,1107
胡兰成,范秀美,1064
胡兰成,斯君,248
胡兰成,张嘉仪,23
胡兰成,徐步奎,168
胡兰成,刘景晨,519
胡兰成,杨雨农,21
胡兰成,夏瞿禅,89
胡兰成,吴天五,126
梅香,胡兰成,85
梅香,唐玉凤,6
梦生,胡兰成,13
怀生,胡兰成,9
青芸,胡兰成,524
青芸,唐玉凤,88
青芸,张爱玲,32
青芸,周训德,8
青芸,范秀美,16
青芸,斯伯母,4
青芸,斯君,7
积润,胡兰成,14
唐玉凤,胡兰成,710
唐玉凤,青芸,88
唐玉凤,梅香,6
唐玉凤,崔真吾,6
唐玉凤,陈海帆,4
唐玉凤,马孝安,4
一枝,胡兰成,529
一枝,张爱玲,6
一枝,周训德,6
一枝,范秀美,6
一枝,池田笃纪,26
一枝,畲爱珍,12
陈公博,胡兰成,112
陈公博,周佛海,44
陈公博,汪精卫,43
陈公博,陈群,11
陈公博,梅思平,7
陈公博,林柏生,6
陈公博,李士群,30
陈公博,吴四宝,13
陈公博,熊剑东,10
陈公博,畲爱珍,4
周佛海,胡兰成,297
周佛海,陈公博,44
周佛海,陶希圣,17
周佛海,林柏生,34
周佛海,陈春圃,18
周佛海,汪精卫,106
周佛海,赵叔雍,4
周佛海,梅思平,41
周佛海,李圣五,9
周佛海,樊仲云,8
周佛海,朱朴之,7
周佛海,李士群,78
周佛海,吴四宝,26
周佛海,褚民谊,9
周佛海,陈群,31
周佛海,熊剑东,14
周佛海,张爱玲,6
周佛海,畲爱珍,8
张爱玲,胡兰成,1790
张爱玲,苏青,17
张爱玲,青芸,32
张爱玲,熊剑东,8
张爱玲,周佛海,6
张爱玲,池田笃纪,36
张爱玲,炎樱,57
张爱玲,一枝,6
张爱玲,应英娣,13
张爱玲,汪精卫,4
张爱玲,沈启无,5
张爱玲,周训德,80
张爱玲,范秀美,90
张爱玲,颂德,5
张爱玲,斯君,44
张爱玲,徐步奎,13
张爱玲,刘景晨,9
张爱玲,夏瞿禅,5
张爱玲,畲爱珍,64
池田笃纪,胡兰成,586
池田笃纪,林柏生,21
池田笃纪,汪精卫,26
池田笃纪,应英娣,16
池田笃纪,张爱玲,36
池田笃纪,熊剑东,6
池田笃纪,炎樱,6
池田笃纪,沈启无,5
池田笃纪,一枝,26
池田笃纪,畲爱珍,5
马孝安,胡兰成,135
马孝安,崔真吾,39
马孝安,陈海帆,23
马孝安,唐玉凤,4
崔真吾,胡兰成,141
崔真吾,马孝安,39
崔真吾,唐玉凤,6
崔真吾,陈海帆,20
汪精卫,胡兰成,1158
汪精卫,樊仲云,19
汪精卫,林柏生,68
汪精卫,陈春圃,23
汪精卫,周佛海,106
汪精卫,陶希圣,23
汪精卫,褚民谊,31
汪精卫,赵叔雍,6
汪精卫,梅思平,46
汪精卫,李圣五,15
汪精卫,朱朴之,19
汪精卫,李士群,94
汪精卫,吴四宝,25
汪精卫,陈公博,43
汪精卫,陈群,6
汪精卫,熊剑东,13
汪精卫,池田笃纪,26
汪精卫,应英娣,10
汪精卫,张爱玲,4
汪精卫,畲爱珍,4
斯伯母,胡兰成,168
斯伯母,雅珊,6
斯伯母,颂德,22
斯伯母,范秀美,35
斯伯母,斯君,12
斯伯母,青芸,4
颂德,胡兰成,110
颂德,斯伯母,22
颂德,范秀美,29
颂德,张爱玲,5
雅珊,胡兰成,38
雅珊,斯伯母,6
陈海帆,胡兰成,82
陈海帆,马孝安,23
陈海帆,唐玉凤,4
陈海帆,崔真吾,20
白崇禧,胡兰成,70
李文源,胡兰成,118
全慧文,胡兰成,22
林柏生,胡兰成,211
林柏生,梅思平,7
林柏生,樊仲云,8
林柏生,汪精卫,68
林柏生,陈春圃,12
林柏生,周佛海,34
林柏生,陶希圣,15
林柏生,赵叔雍,4
林柏生,李圣五,9
林柏生,朱朴之,7
林柏生,李士群,11
林柏生,吴四宝,8
林柏生,褚民谊,7
林柏生,陈公博,6
林柏生,池田笃纪,21
林柏生,应英娣,8
梅思平,胡兰成,63
梅思平,林柏生,7
梅思平,樊仲云,6
梅思平,汪精卫,46
梅思平,陶希圣,5
梅思平,周佛海,41
梅思平,李士群,10
梅思平,陈春圃,4
梅思平,陈群,14
梅思平,陈公博,7
梅思平,刘景晨,10
樊仲云,胡兰成,42
樊仲云,林柏生,8
樊仲云,梅思平,6
樊仲云,汪精卫,19
樊仲云,陶希圣,5
樊仲云,周佛海,8
樊仲云,李圣五,4
陈春圃,胡兰成,43
陈春圃,林柏生,12
陈春圃,汪精卫,23
陈春圃,周佛海,18
陈春圃,陶希圣,6
陈春圃,梅思平,4
陈春圃,褚民谊,5
陶希圣,周佛海,17
陶希圣,林柏生,15
陶希圣,陈春圃,6
陶希圣,胡兰成,66
陶希圣,汪精卫,23
陶希圣,梅思平,5
陶希圣,李圣五,6
陶希圣,樊仲云,5
褚民谊,胡兰成,22
褚民谊,汪精卫,31
褚民谊,林柏生,7
褚民谊,周佛海,9
褚民谊,陈春圃,5
赵叔雍,胡兰成,6
赵叔雍,汪精卫,6
赵叔雍,林柏生,4
赵叔雍,周佛海,4
李圣五,汪精卫,15
李圣五,陶希圣,6
李圣五,林柏生,9
李圣五,胡兰成,11
李圣五,周佛海,9
李圣五,樊仲云,4
朱朴之,汪精卫,19
朱朴之,林柏生,7
朱朴之,胡兰成,27
朱朴之,周佛海,7
李士群,汪精卫,94
李士群,林柏生,11
李士群,胡兰成,611
李士群,周佛海,78
李士群,梅思平,10
李士群,吴四宝,133
李士群,陈公博,30
李士群,陈群,4
李士群,畲爱珍,31
李士群,熊剑东,36
吴四宝,汪精卫,25
吴四宝,林柏生,8
吴四宝,胡兰成,215
吴四宝,周佛海,26
吴四宝,李士群,133
吴四宝,畲爱珍,26
吴四宝,陈公博,13
吴四宝,熊剑东,13
陈群,汪精卫,6
陈群,周佛海,31
陈群,梅思平,14
陈群,陈公博,11
陈群,胡兰成,23
陈群,李士群,4
畲爱珍,吴四宝,26
畲爱珍,胡兰成,911
畲爱珍,李士群,31
畲爱珍,周训德,26
畲爱珍,周佛海,8
畲爱珍,汪精卫,4
畲爱珍,陈公博,4
畲爱珍,熊剑东,5
畲爱珍,张爱玲,64
畲爱珍,池田笃纪,5
畲爱珍,应英娣,12
畲爱珍,一枝,12
畲爱珍,范秀美,18
熊剑东,李士群,36
熊剑东,吴四宝,13
熊剑东,胡兰成,272
熊剑东,汪精卫,13
熊剑东,周佛海,14
熊剑东,陈公博,10
熊剑东,张爱玲,8
熊剑东,池田笃纪,6
熊剑东,畲爱珍,5
应英娣,林柏生,8
应英娣,胡兰成,79
应英娣,池田笃纪,16
应英娣,汪精卫,10
应英娣,张爱玲,13
应英娣,畲爱珍,12
冯和仪,胡兰成,8
苏青,胡兰成,28
苏青,张爱玲,17
炎樱,胡兰成,114
炎樱,张爱玲,57
炎樱,池田笃纪,6
沈启无,池田笃纪,5
沈启无,胡兰成,216
沈启无,关永吉,60
沈启无,张爱玲,5
沈启无,潘龙潜,17
沈启无,周训德,39
关永吉,胡兰成,189
关永吉,沈启无,60
关永吉,潘龙潜,21
关永吉,周训德,31
潘龙潜,胡兰成,48
潘龙潜,关永吉,21
潘龙潜,沈启无,17
周训德,胡兰成,1107
周训德,关永吉,31
周训德,沈启无,39
周训德,畲爱珍,26
周训德,张爱玲,80
周训德,青芸,8
周训德,一枝,6
周训德,范秀美,29
范秀美,胡兰成,1064
范秀美,斯君,66
范秀美,斯伯母,35
范秀美,周训德,29
范秀美,张爱玲,90
范秀美,颂德,29
范秀美,张嘉仪,4
范秀美,青芸,16
范秀美,刘景晨,30
范秀美,徐步奎,9
范秀美,吴天五,4
范秀美,一枝,6
范秀美,畲爱珍,18
斯君,胡兰成,248
斯君,范秀美,66
斯君,斯伯母,12
斯君,张嘉仪,4
斯君,青芸,7
斯君,张爱玲,44
张嘉仪,斯君,4
张嘉仪,范秀美,4
张嘉仪,胡兰成,23
张嘉仪,刘景晨,7
徐步奎,胡兰成,168
徐步奎,张爱玲,13
徐步奎,夏瞿禅,6
徐步奎,吴天五,14
徐步奎,范秀美,9
徐步奎,刘景晨,8
刘景晨,胡兰成,519
刘景晨,张嘉仪,7
刘景晨,张爱玲,9
刘景晨,梅思平,10
刘景晨,邱清泉,5
刘景晨,杨雨农,9
刘景晨,夏瞿禅,25
刘景晨,吴天五,18
刘景晨,范秀美,30
刘景晨,徐步奎,8
邱清泉,刘景晨,5
杨雨农,刘景晨,9
杨雨农,夏瞿禅,8
杨雨农,吴天五,7
杨雨农,胡兰成,21
夏瞿禅,杨雨农,8
夏瞿禅,刘景晨,25
夏瞿禅,吴天五,35
夏瞿禅,胡兰成,89
夏瞿禅,徐步奎,6
夏瞿禅,张爱玲,5
吴天五,杨雨农,7
吴天五,刘景晨,18
吴天五,夏瞿禅,35
吴天五,胡兰成,126
吴天五,徐步奎,14
吴天五,范秀美,4
